,Unnamed: 0.1,Unnamed: 0,Price,Close,High,Low,Open,Volume,SMA_20,SMA_50,Buy_Signal,Daily_Return,Strategy_Return,Total_Market_Return,Total_Strategy_Return
1970-01-01 00:00:00.000000000,1970-01-01 00:00:00.000000000,1970-01-01 00:00:00.000000000,Ticker,,TCS.NS,TCS.NS,TCS.NS,TCS.NS,,,0,,,,
1970-01-01 00:00:00.000000001,1970-01-01 00:00:00.000000001,1970-01-01 00:00:00.000000001,Date,,,,,,,,0,,,,
1970-01-01 00:00:00.000000002,1970-01-01 00:00:00.000000002,1970-01-01 00:00:00.000000002,2025-02-05,4041.34228515625,4099.525820208286,4026.4258417274636,4099.525820208286,1693912,,,0,,,,
1970-01-01 00:00:00.000000003,1970-01-01 00:00:00.000000003,1970-01-01 00:00:00.000000003,2025-02-06,4033.09375,4089.1535308615516,4002.2732667297546,4055.468173998699,2284536,,,0,-0.0020410384902428413,-0.0,0.9979589615097572,1.0
1970-01-01 00:00:00.000000004,1970-01-01 00:00:00.000000004,1970-01-01 00:00:00.000000004,2025-02-07,3980.392578125,4040.2556308848625,3959.2529507546524,4040.2556308848625,1548940,,,0,-0.013067182451436898,-0.0,0.9849184496806627,1.0
1970-01-01 00:00:00.000000005,1970-01-01 00:00:00.000000005,1970-01-01 00:00:00.000000005,2025-02-10,3987.850830078125,4002.7178337412574,3965.5258456983292,3990.8637829009576,1339511,,,0,0.0018737478293255894,0.0,0.9867639384878145,1.0
1970-01-01 00:00:00.000000006,1970-01-01 00:00:00.000000006,1970-01-01 00:00:00.000000006,2025-02-11,3915.343505859375,3990.863637094394,3906.8974467099824,3969.526249892905,1810908,,,0,-0.018182055274452047,-0.0,0.9688225420153931,1.0
1970-01-01 00:00:00.000000007,1970-01-01 00:00:00.000000007,1970-01-01 00:00:00.000000007,2025-02-12,3902.1064453125,3972.83571115218,3892.228069702002,3922.801835153518,1678002,,,0,-0.0033808171689317934,-0.0,0.9655471301316993,1.0
1970-01-01 00:00:00.000000008,1970-01-01 00:00:00.000000008,1970-01-01 00:00:00.000000008,2025-02-13,3862.593017578125,3935.989398017966,3854.789197163407,3919.739518058658,2277310,,,0,-0.010126178844208966,-0.0,0.955769827209473,1.0
1970-01-01 00:00:00.000000009,1970-01-01 00:00:00.000000009,1970-01-01 00:00:00.000000009,2025-02-14,3886.992431640625,3899.982398124333,3852.56619875504,3877.2621359265468,1681975,,,0,0.006316848280795151,0.0,0.961807280199317,1.0
1970-01-01 00:00:00.000000010,1970-01-01 00:00:00.000000010,1970-01-01 00:00:00.000000010,2025-02-17,3857.01171875,3886.152926511077,3809.299116791676,3809.5955162912987,1799806,,,0,-0.007713087539501728,-0.0,0.9543887764510096,1.0
1970-01-01 00:00:00.000000011,1970-01-01 00:00:00.000000011,1970-01-01 00:00:00.000000011,2025-02-18,3826.092529296875,3876.669765987123,3817.4983904443516,3850.9859884863977,2149879,,,0,-0.00801635870143158,-0.0,0.946738053678358,1.0
1970-01-01 00:00:00.000000012,1970-01-01 00:00:00.000000012,1970-01-01 00:00:00.000000012,2025-02-19,3738.076171875,3827.82106864859,3722.319970005145,3825.1045153843083,4366672,,,0,-0.023004241729106867,-0.0,0.9249590626373968,1.0
1970-01-01 00:00:00.000000013,1970-01-01 00:00:00.000000013,1970-01-01 00:00:00.000000013,2025-02-20,3733.43310546875,3741.928604788681,3705.675015273267,3715.7509099558138,2888572,,,0,-0.0012421005332058366,-0.0,0.9238101704925014,1.0
1970-01-01 00:00:00.000000014,1970-01-01 00:00:00.000000014,1970-01-01 00:00:00.000000014,2025-02-21,3739.953125,3770.5760903658215,3729.0869114830957,3730.173629303301,1833931,,,0,0.001746387131377647,0.0,0.9254235006860853,1.0
1970-01-01 00:00:00.000000015,1970-01-01 00:00:00.000000015,1970-01-01 00:00:00.000000015,2025-02-24,3630.895751953125,3717.4301755985084,3625.3637652705784,3697.6239847229253,2508516,,,0,-0.029160090889341017,-0.0,0.8984380672949469,1.0
1970-01-01 00:00:00.000000016,1970-01-01 00:00:00.000000016,1970-01-01 00:00:00.000000016,2025-02-25,3585.40576171875,3613.5096912637337,3577.2066619706934,3580.911052714881,4101954,,,0,-0.012528586151201115,-0.0,0.8871819085673235,1.0
1970-01-01 00:00:00.000000017,1970-01-01 00:00:00.000000017,1970-01-01 00:00:00.000000017,2025-02-27,3568.612548828125,3593.752965954935,3556.9065775254853,3567.772790451682,3823856,,,0,-0.00468376914823021,-0.0,0.8830265533151078,1.0
1970-01-01 00:00:00.000000018,1970-01-01 00:00:00.000000018,1970-01-01 00:00:00.000000018,2025-02-28,3440.88525390625,3556.215291484246,3414.954517405844,3541.348287656423,7085018,,,0,-0.03579186397352618,-0.0,0.8514213870338418,1.0
1970-01-01 00:00:00.000000019,1970-01-01 00:00:00.000000019,1970-01-01 00:00:00.000000019,2025-03-03,3450.56591796875,3480.398563015721,3433.871319078812,3442.6137776512555,4990439,,,0,0.0028134225201232876,0.0,0.8538167951382375,1.0
1970-01-01 00:00:00.000000020,1970-01-01 00:00:00.000000020,1970-01-01 00:00:00.000000020,2025-03-04,3489.091796875,3507.811270911589,3422.1658003657744,3431.747776723982,2797737,,,0,0.011165089965569752,0.0,0.8633497364700704,1.0
1970-01-01 00:00:00.000000021,1970-01-01 00:00:00.000000021,1970-01-01 00:00:00.000000021,2025-03-05,3503.9091796875,3556.5609685813047,3478.0278844831014,3478.0278844831014,2501894,3758.6823852539055,,0,0.004246773566052742,0.0,0.8670161873091701,1.0
1970-01-01 00:00:00.000000022,1970-01-01 00:00:00.000000022,1970-01-01 00:00:00.000000022,2025-03-06,3557.795654296875,3565.550034007974,3493.092297722642,3513.738005107593,2786513,3734.505053710937,,0,0.015378958713245128,0.0,0.880349993457513,1.0
1970-01-01 00:00:00.000000023,1970-01-01 00:00:00.000000023,1970-01-01 00:00:00.000000023,2025-03-07,3567.27880859375,3580.9110146215976,3530.926339576579,3556.2150765897245,2051315,3711.214306640625,,0,0.0026654578335385537,0.0,0.8826965292438299,1.0
1970-01-01 00:00:00.000000024,1970-01-01 00:00:00.000000024,1970-01-01 00:00:00.000000024,2025-03-10,3545.990966796875,3578.0464882486435,3539.0269050026495,3562.6361259918417,1004626,3689.494226074218,,0,-0.005967529576211272,-0.0,0.8774290115987483,1.0
1970-01-01 00:00:00.000000025,1970-01-01 00:00:00.000000025,1970-01-01 00:00:00.000000025,2025-03-11,3531.815673828125,3545.1020407658093,3494.623445019518,3514.7260358188087,1995450,3666.692468261719,,0,-0.003997554731944186,-0.0,0.8739214411014866,1.0
1970-01-01 00:00:00.000000026,1970-01-01 00:00:00.000000026,1970-01-01 00:00:00.000000026,2025-03-12,3463.555908203125,3525.8391128612507,3444.4413966520915,3521.640803348143,3174167,3644.103088378906,,0,-0.01932710309057928,-0.0,0.8570310713162506,1.0
1970-01-01 00:00:00.000000027,1970-01-01 00:00:00.000000027,1970-01-01 00:00:00.000000027,2025-03-13,3468.34716796875,3481.4360158451636,3441.724993541169,3459.7035891824394,1693004,3622.415124511719,,0,0.0013833354773564732,0.0,0.8582166328023991,1.0
1970-01-01 00:00:00.000000028,1970-01-01 00:00:00.000000028,1970-01-01 00:00:00.000000028,2025-03-17,3455.159423828125,3487.5111042781473,3435.057073961186,3446.565285194742,2690906,3602.0434448242186,,0,-0.0038023137540607044,-0.0,0.8549534238955309,1.0
1970-01-01 00:00:00.000000029,1970-01-01 00:00:00.000000029,1970-01-01 00:00:00.000000029,2025-03-18,3455.159423828125,3455.159423828125,3455.159423828125,3455.159423828125,0,3580.451794433594,,0,0.0,0.0,0.8549534238955309,1.0
1970-01-01 00:00:00.000000030,1970-01-01 00:00:00.000000030,1970-01-01 00:00:00.000000030,2025-03-19,3454.56689453125,3503.8598932625678,3420.634577218764,3503.8598932625678,3051244,3560.329553222656,,0,-0.000171491159796755,-0.0,0.8548068069412948,1.0
1970-01-01 00:00:00.000000031,1970-01-01 00:00:00.000000031,1970-01-01 00:00:00.000000031,2025-03-20,3519.813232421875,3535.4211137803227,3469.285438744659,3469.285438744659,2845192,3545.015588378906,,0,0.018886980591955815,0.0,0.8709515265138668,1.0
1970-01-01 00:00:00.000000032,1970-01-01 00:00:00.000000032,1970-01-01 00:00:00.000000032,2025-03-21,3534.581787109375,3572.267694804508,3422.857258900137,3432.735634827699,4161925,3534.840869140625,,0,0.004195834753805361,0.0,0.8746058951976935,1.0
1970-01-01 00:00:00.000000033,1970-01-01 00:00:00.000000033,1970-01-01 00:00:00.000000033,2025-03-24,3584.81298828125,3605.360057323045,3523.2214624383355,3556.215139766549,1834751,3527.40986328125,,0,0.014211356306725875,0.0,0.8870352312023109,1.0
1970-01-01 00:00:00.000000034,1970-01-01 00:00:00.000000034,1970-01-01 00:00:00.000000034,2025-03-25,3613.2626953125,3664.877205825815,3593.752904257228,3600.6677669097294,3135390,3521.075341796875,,0,0.00793617606392627,0.0,0.894074898972038,1.0
1970-01-01 00:00:00.000000035,1970-01-01 00:00:00.000000035,1970-01-01 00:00:00.000000035,2025-03-26,3591.57958984375,3635.7358773567735,3581.7506550649064,3603.3841996001006,1734499,3519.1095336914063,,0,-0.006000976761772581,-0.0,0.8887095762800226,1.0
1970-01-01 00:00:00.000000036,1970-01-01 00:00:00.000000036,1970-01-01 00:00:00.000000036,2025-03-27,3606.79248046875,3618.449012006768,3566.5875396807087,3570.884729570523,2528474,3520.1788696289063,,0,0.004235710289706152,0.0,0.8924738925768323,1.0
1970-01-01 00:00:00.000000037,1970-01-01 00:00:00.000000037,1970-01-01 00:00:00.000000037,2025-03-28,3562.290283203125,3616.4238291582196,3548.2135981206075,3606.5948937734543,2051919,3519.862756347656,,0,-0.012338441290041025,-0.0,0.8814621558503787,1.0
1970-01-01 00:00:00.000000038,1970-01-01 00:00:00.000000038,1970-01-01 00:00:00.000000038,2025-04-01,3507.613525390625,3540.4096829245336,3482.1272690594255,3529.2470706788267,2618493,3523.199169921875,,0,-0.015348765391274055,-0.0,0.8679328000189446,1.0
1970-01-01 00:00:00.000000039,1970-01-01 00:00:00.000000039,1970-01-01 00:00:00.000000039,2025-04-02,3500.846923828125,3520.7519956565757,3487.1160780114287,3500.8963639411054,1764313,3525.713220214844,,0,-0.001929118334593749,-0.0,0.8662584549412328,1.0
1970-01-01 00:00:00.000000040,1970-01-01 00:00:00.000000040,1970-01-01 00:00:00.000000040,2025-04-03,3361.75927734375,3459.407116080848,3354.8444144618065,3448.5409029806515,4537821,3519.3465942382813,,0,-0.03972971384086821,-0.0,0.8318422544141849,1.0
1970-01-01 00:00:00.000000041,1970-01-01 00:00:00.000000041,1970-01-01 00:00:00.000000041,2025-04-04,3259.271240234375,3358.301958396606,3255.4187701110422,3321.702768711085,5317367,3507.114697265625,,0,-0.03048642947164093,-0.0,0.806482354193456,1.0
1970-01-01 00:00:00.000000042,1970-01-01 00:00:00.000000042,1970-01-01 00:00:00.000000042,2025-04-07,3234.2294921875,3251.368328518194,3018.8809120553065,3062.296322980731,6623955,3490.936389160156,,0,-0.007683235361863994,-0.0,0.8002859604509975,1.0
1970-01-01 00:00:00.000000043,1970-01-01 00:00:00.000000043,1970-01-01 00:00:00.000000043,2025-04-08,3252.899658203125,3308.2680019006634,3215.70767038631,3261.889076504213,5557558,3475.217431640625,,0,0.005772678179060575,0.0,0.8049057537519015,1.0
1970-01-01 00:00:00.000000044,1970-01-01 00:00:00.000000044,1970-01-01 00:00:00.000000044,2025-04-09,3207.113525390625,3230.228827873871,3172.9836893878546,3220.89381114684,2990265,3458.2735595703125,,0,-0.014075482684206664,-0.0,0.7935763167525484,1.0
1970-01-01 00:00:00.000000045,1970-01-01 00:00:00.000000045,1970-01-01 00:00:00.000000045,2025-04-11,3192.197021484375,3258.8266155521846,3167.0071641277755,3249.5410391127716,7108961,3441.292626953125,,0,-0.0046510682544151916,-0.0,0.7898853391382449,1.0
1970-01-01 00:00:00.000000046,1970-01-01 00:00:00.000000046,1970-01-01 00:00:00.000000046,2025-04-15,3208.69384765625,3274.08864453866,3199.2107519795586,3274.08864453866,3512160,3428.549523925781,,0,0.005167859646772133,0.0,0.7939673557079543,1.0
1970-01-01 00:00:00.000000047,1970-01-01 00:00:00.000000047,1970-01-01 00:00:00.000000047,2025-04-16,3233.982421875,3238.23017131478,3189.7272541040916,3208.693685671263,2384391,3416.8312866210936,,0,0.007881267400198233,0.0,0.800224824745317,1.0
1970-01-01 00:00:00.000000048,1970-01-01 00:00:00.000000048,1970-01-01 00:00:00.000000048,2025-04-17,3258.77734375,3263.420373380785,3178.8613788302714,3206.0269126767075,2932346,3407.012182617188,,0,0.007666993397145383,0.0,0.8063601431928712,1.0
1970-01-01 00:00:00.000000049,1970-01-01 00:00:00.000000049,1970-01-01 00:00:00.000000049,2025-04-21,3281.201171875,3313.20701075186,3244.15726522527,3250.084290289227,2432946,3398.3142700195312,,0,0.0068810556106284615,0.0,0.8119087521803756,1.0
1970-01-01 00:00:00.000000050,1970-01-01 00:00:00.000000050,1970-01-01 00:00:00.000000050,2025-04-22,3274.088623046875,3293.3514549412,3254.9246713743637,3282.18908375484,2710498,3389.2903564453127,,0,-0.0021676661855086765,-0.0,0.8101488050325557,1.0
1970-01-01 00:00:00.000000051,1970-01-01 00:00:00.000000051,1970-01-01 00:00:00.000000051,2025-04-23,3371.489501953125,3379.293321999538,3296.7102488988207,3324.0733003434707,3543923,3381.874169921875,3556.61228515625,0,0.029749005027117637,0.0,0.8342499259061825,1.0
1970-01-01 00:00:00.000000052,1970-01-01 00:00:00.000000052,1970-01-01 00:00:00.000000052,2025-04-24,3360.228271484375,3370.9956041985065,3346.4971849798935,3359.734352714529,2252175,3373.156494140625,3542.9900048828126,0,-0.003340135113049092,-0.0,0.8314634184356047,1.0
1970-01-01 00:00:00.000000053,1970-01-01 00:00:00.000000053,1970-01-01 00:00:00.000000053,2025-04-25,3406.06396484375,3435.5015728669696,3363.5869490408845,3378.404512693047,2742991,3364.21904296875,3530.449409179688,0,0.013640648686979562,0.0,0.8428051188225598,1.0
1970-01-01 00:00:00.000000054,1970-01-01 00:00:00.000000054,1970-01-01 00:00:00.000000054,2025-04-28,3401.618408203125,3415.7445325916697,3363.5866647108005,3393.2217895100143,1593296,3353.636828613281,3518.87392578125,0,-0.0013051888298372116,-0.0,0.841705098995743,1.0
1970-01-01 00:00:00.000000055,1970-01-01 00:00:00.000000055,1970-01-01 00:00:00.000000055,2025-04-29,3430.265869140625,3452.492213865078,3388.6778120988047,3412.9787121327167,1578332,3345.571142578125,3507.7222265625,0,0.008421715048465117,0.0,0.8487936994943253,1.0
1970-01-01 00:00:00.000000056,1970-01-01 00:00:00.000000056,1970-01-01 00:00:00.000000056,2025-04-30,3411.694580078125,3467.2110034862103,3325.061273098265,3429.772055911222,2809332,3335.8162475585937,3497.649248046875,0,-0.005413950338243767,-0.0,0.8441983725578488,1.0
1970-01-01 00:00:00.000000057,1970-01-01 00:00:00.000000057,1970-01-01 00:00:00.000000057,2025-05-02,3389.270751953125,3449.034925807151,3378.40453852512,3429.772092912052,1721761,3327.1652709960936,3487.392534179688,0,-0.006572636441708246,-0.0,0.8386497635703443,1.0
1970-01-01 00:00:00.000000058,1970-01-01 00:00:00.000000058,1970-01-01 00:00:00.000000058,2025-05-05,3412.287353515625,3461.8767511097926,3404.4832920390604,3408.0396037462647,1284443,3322.398962402344,3478.3864208984373,0,0.006791018849478636,0.0,0.8443450499228613,1.0
1970-01-01 00:00:00.000000059,1970-01-01 00:00:00.000000059,1970-01-01 00:00:00.000000059,2025-05-06,3417.91796875,3430.759857071893,3395.1977047958817,3417.91796875,1324763,3318.2525146484377,3469.004931640625,0,0.0016500999625879142,0.0,0.8457383036581503,1.0
1970-01-01 00:00:00.000000060,1970-01-01 00:00:00.000000060,1970-01-01 00:00:00.000000060,2025-05-07,3403.19921875,3417.4239829127787,3378.997198925932,3378.997198925932,1477128,3320.32451171875,3459.928681640625,0,-0.004306349694338296,-0.0,0.8420962587727018,1.0
1970-01-01 00:00:00.000000061,1970-01-01 00:00:00.000000061,1970-01-01 00:00:00.000000061,2025-05-08,3406.952880859375,3434.7112128994936,3386.998610284149,3406.063923519544,2543591,3327.70859375,3451.545888671875,0,0.001102980421685107,0.0,0.8430250744593023,1.0
1970-01-01 00:00:00.000000062,1970-01-01 00:00:00.000000062,1970-01-01 00:00:00.000000062,2025-05-09,3398.45751953125,3404.285664518617,3356.7708237929633,3357.659781105859,2531757,3335.919995117188,3444.753515625,0,-0.0024935364899975054,-0.0,0.8409229606741552,1.0
1970-01-01 00:00:00.000000063,1970-01-01 00:00:00.000000063,1970-01-01 00:00:00.000000063,2025-05-12,3576.366943359375,3586.344199009816,3459.604594038759,3462.370587392757,2228678,3352.093359375,3441.6121923828123,0,0.05235005081148225,0.0,0.8849453203939893,1.0
1970-01-01 00:00:00.000000064,1970-01-01 00:00:00.000000064,1970-01-01 00:00:00.000000064,2025-05-13,3472.2490234375,3578.935479918652,3467.803754417452,3576.3670057941126,3062887,3365.350134277344,3436.2581103515627,0,-0.029112762076945686,-0.0,0.8591821178302527,1.0
1970-01-01 00:00:00.000000065,1970-01-01 00:00:00.000000065,1970-01-01 00:00:00.000000065,2025-05-14,3505.5390625,3517.689512589028,3465.9269214811093,3478.1760106222882,2119499,3381.017236328125,3433.7509765625,0,0.009587457246814424,0.0,0.8674194896521776,1.0
1970-01-01 00:00:00.000000066,1970-01-01 00:00:00.000000066,1970-01-01 00:00:00.000000066,2025-05-15,3536.359619140625,3556.21525075921,3471.360099994329,3520.653098251618,3548330,3397.400524902344,3432.7700537109376,0,0.00879195926535914,0.0,0.8750458064711782,1.0
1970-01-01 00:00:00.000000067,1970-01-01 00:00:00.000000067,1970-01-01 00:00:00.000000067,2025-05-16,3517.98583984375,3550.1891985825587,3502.970757638989,3550.1891985825587,1666727,3411.600695800781,3431.75751953125,0,-0.005195676140352545,-0.0,0.8704993518527804,1.0
1970-01-01 00:00:00.000000068,1970-01-01 00:00:00.000000068,1970-01-01 00:00:00.000000068,2025-05-19,3476.002685546875,3506.823167687793,3461.0862426467947,3506.823167687793,2537377,3422.461962890625,3432.4598681640623,0,-0.011933861080788088,-0.0,0.8601109335168532,1.0
1970-01-01 00:00:00.000000069,1970-01-01 00:00:00.000000069,1970-01-01 00:00:00.000000069,2025-05-20,3455.752197265625,3514.726051583229,3451.5044475075333,3488.8447556489973,2038374,3431.189514160156,3432.56359375,0,-0.005825797651265008,-0.0,0.8551001012605434,1.0
1970-01-01 00:00:00.000000070,1970-01-01 00:00:00.000000070,1970-01-01 00:00:00.000000070,2025-05-21,3482.917724609375,3493.9814570703943,3455.752191652226,3465.334167770128,1440153,3441.630969238281,3432.440112304688,1,0.007860959291364988,0.0,0.8618220083465946,1.0
1970-01-01 00:00:00.000000071,1970-01-01 00:00:00.000000071,1970-01-01 00:00:00.000000071,2025-05-22,3434.711181640625,3455.2582510362627,3409.323804689904,3452.492257645667,2034383,3444.792053222656,3431.05615234375,1,-0.01384085033882232,-0.01384085033882232,0.8498936589103662,0.9861591496611777
1970-01-01 00:00:00.000000072,1970-01-01 00:00:00.000000072,1970-01-01 00:00:00.000000072,2025-05-23,3471.853759765625,3492.005548214681,3423.4497224636393,3434.7109734490655,1274331,3450.373327636719,3429.337314453125,1,0.01081388686290019,0.01081388686290019,0.8590843127833192,0.9968233631344275
1970-01-01 00:00:00.000000073,1970-01-01 00:00:00.000000073,1970-01-01 00:00:00.000000073,2025-05-26,3494.27783203125,3501.884132971573,3467.4086987656956,3478.176031648211,967470,3454.7840209960937,3427.877294921875,1,0.0064588182041223074,0.0064588182041223074,0.8646329821816,1.0032616640185346
1970-01-01 00:00:00.000000074,1970-01-01 00:00:00.000000074,1970-01-01 00:00:00.000000074,2025-05-27,3456.147216796875,3496.944956186642,3440.7370955910233,3489.042255720683,2467680,3457.510461425781,3426.080419921875,1,-0.010912302074219782,-0.010912302074219782,0.8551978458967009,0.9923137696812799
1970-01-01 00:00:00.000000075,1970-01-01 00:00:00.000000075,1970-01-01 00:00:00.000000075,2025-05-28,3455.159423828125,3486.0787880344637,3450.516635478714,3477.1882498955265,1222933,3458.7551391601564,3424.547294921875,1,-0.00028580755008045244,-0.00028580755008045244,0.8549534238955311,0.9920301589138563
1970-01-01 00:00:00.000000076,1970-01-01 00:00:00.000000076,1970-01-01 00:00:00.000000076,2025-05-29,3455.5546875,3489.536203315723,3444.0956752612224,3462.0742707354857,3188072,3460.94814453125,3424.3872705078124,1,0.00011439809959257197,0.00011439809959257197,0.8550512289424649,0.9921436452787745
1970-01-01 00:00:00.000000077,1970-01-01 00:00:00.000000077,1970-01-01 00:00:00.000000077,2025-05-30,3421.276611328125,3464.0500271917626,3411.1020770923456,3447.5531876798154,3404365,3462.5484375,3423.445859375,1,-0.00991970299178635,-0.00991970299178635,0.8465693747085937,0.9823018749924208
1970-01-01 00:00:00.000000078,1970-01-01 00:00:00.000000078,1970-01-01 00:00:00.000000078,2025-06-02,3407.842041015625,3417.91793582919,3377.0215575741954,3408.039560292111,1877585,3462.326171875,3422.49951171875,1,-0.003926771155543851,-0.003926771155543851,0.8432450905068212,0.978444600323664
1970-01-01 00:00:00.000000079,1970-01-01 00:00:00.000000079,1970-01-01 00:00:00.000000079,2025-06-03,3363.784423828125,3431.2537776661225,3359.1416355127826,3404.0882446631517,2848125,3459.619494628906,3420.67201171875,1,-0.012928303793790175,-0.012928303793790175,0.8323433618041269,0.965794971285286
1970-01-01 00:00:00.000000080,1970-01-01 00:00:00.000000080,1970-01-01 00:00:00.000000080,2025-06-04,3369.465087890625,3383.3182215676084,3358.6020509863906,3377.5377895527827,2544807,3457.9327880859373,3418.9699755859374,1,0.0016887717364584276,0.0016887717364584276,0.8337489997485705,0.9674259785360063
1970-01-01 00:00:00.000000081,1970-01-01 00:00:00.000000081,1970-01-01 00:00:00.000000081,2025-06-05,3359.6982421875,3397.4699581243544,3352.3231247435624,3397.4699581243544,3584683,3455.570056152344,3415.76767578125,1,-0.0028986338924316124,-0.0028986338924316124,0.8313322666401184,0.964621764806203
1970-01-01 00:00:00.000000082,1970-01-01 00:00:00.000000082,1970-01-01 00:00:00.000000082,2025-06-06,3372.75390625,3379.4311968394054,3347.3401523789876,3359.6983590738273,2070390,3454.284875488281,3412.5311181640627,1,0.0038859632982988224,0.0038859632982988224,0.8345627933169735,0.9683702495809802
1970-01-01 00:00:00.000000083,1970-01-01 00:00:00.000000083,1970-01-01 00:00:00.000000083,2025-06-09,3410.326416015625,3422.3855889461993,3379.431263640164,3388.500583115049,1718678,3445.9828491210938,3409.04138671875,1,0.011140009265425466,0.011140009265425466,0.8438598305671039,0.9791579031336747
1970-01-01 00:00:00.000000084,1970-01-01 00:00:00.000000084,1970-01-01 00:00:00.000000084,2025-06-10,3451.187744140625,3474.0104381585516,3411.6220654345716,3428.365293437595,2419874,3444.92978515625,3405.7998876953125,1,0.011981647250276728,0.011981647250276728,0.8539706613856373,0.990889827731343
1970-01-01 00:00:00.000000085,1970-01-01 00:00:00.000000085,1970-01-01 00:00:00.000000085,2025-06-11,3460.1572265625,3477.1994881899896,3437.4345354790357,3458.2637500771752,2847013,3442.660693359375,3403.171440429688,1,0.00259895522551723,0.00259895522551723,0.8561900928984839,0.9934651060270373
1970-01-01 00:00:00.000000086,1970-01-01 00:00:00.000000086,1970-01-01 00:00:00.000000086,2025-06-12,3422.584716796875,3462.9477367145046,3411.6219212636915,3460.1571582794445,4060134,3436.9719482421874,3399.48728515625,1,-0.010858613440219766,-0.010858613440219766,0.8468930556483534,0.9826774524743428
1970-01-01 00:00:00.000000087,1970-01-01 00:00:00.000000087,1970-01-01 00:00:00.000000087,2025-06-13,3434.0458984375,3438.8297125316194,3381.723464034396,3381.723464034396,2178493,3432.774951171875,3396.9223974609376,1,0.003348691877333998,0.003348691877333998,0.8497290395447736,0.9859681364774829
1970-01-01 00:00:00.000000088,1970-01-01 00:00:00.000000088,1970-01-01 00:00:00.000000088,2025-06-16,3484.474853515625,3497.131850878911,3414.6118485958773,3428.365222862198,1934088,3433.1985595703127,3396.4596240234373,1,0.01468499739653173,0.01468499739653173,0.862207308278246,1.000447075994718
1970-01-01 00:00:00.000000089,1970-01-01 00:00:00.000000089,1970-01-01 00:00:00.000000089,2025-06-17,3503.41064453125,3508.094699586469,3476.302688697425,3498.1285214626437,2111940,3435.5814819335938,3396.5108984375,1,0.005434331373211032,0.005434331373211032,0.8668928285038343,1.0058838369270333
1970-01-01 00:00:00.000000090,1970-01-01 00:00:00.000000090,1970-01-01 00:00:00.000000090,2025-06-18,3439.7265625,3526.033760927228,3431.4548294482115,3507.19778191584,2696327,3433.421923828125,3398.070244140625,1,-0.01817773835067249,-0.01817773835067249,0.8511346774892172,0.9875991437282032
1970-01-01 00:00:00.000000091,1970-01-01 00:00:00.000000091,1970-01-01 00:00:00.000000091,2025-06-19,3412.41943359375,3439.3281148750093,3401.4566375162,3438.331497049777,2672768,3432.307336425781,3401.1332080078123,1,-0.007938749900632591,-0.007938749900632591,0.8443777321528747,0.9797588411240661
1970-01-01 00:00:00.000000092,1970-01-01 00:00:00.000000092,1970-01-01 00:00:00.000000092,2025-06-20,3424.07958984375,3434.6438354271677,3399.3634207293467,3413.415828473248,2351248,3429.918627929688,3404.9302099609376,1,0.0034169762764830747,0.0034169762764830747,0.8472629508320316,0.9831066538408616
1970-01-01 00:00:00.000000093,1970-01-01 00:00:00.000000093,1970-01-01 00:00:00.000000093,2025-06-23,3382.122314453125,3413.416016519491,3358.6020366921707,3403.4498383690693,3123421,3424.310852050781,3407.5146630859376,1,-0.012253592327431728,-0.012253592327431728,0.8368809360383991,0.9710600656903101
1970-01-01 00:00:00.000000094,1970-01-01 00:00:00.000000094,1970-01-01 00:00:00.000000094,2025-06-24,3378.932861328125,3430.4581957754644,3370.561369209563,3422.983562342859,3403048,3420.450134277344,3410.9510498046875,1,-0.0009430330509840879,-0.0009430330509840879,0.8360917296559763,0.9701443239538734
1970-01-01 00:00:00.000000095,1970-01-01 00:00:00.000000095,1970-01-01 00:00:00.000000095,2025-06-25,3433.14892578125,3438.331289496645,3388.5004012430704,3395.775759591069,1757699,3419.349609375,3415.770087890625,1,0.016045321608377572,0.016045321608377572,0.8495070903524111,0.9857106016382553
1970-01-01 00:00:00.000000096,1970-01-01 00:00:00.000000096,1970-01-01 00:00:00.000000096,2025-06-26,3430.1591796875,3439.7265645422617,3403.748808087712,3433.149033076155,2879106,3418.079833984375,3420.19939453125,0,-0.0008708466071187804,-0.0008708466071187804,0.8487672999850544,0.9848521989052176
1970-01-01 00:00:00.000000097,1970-01-01 00:00:00.000000097,1970-01-01 00:00:00.000000097,2025-06-27,3429.461669921875,3454.675906058565,3419.395732636828,3443.3145602623845,1778433,3418.4890869140627,3424.108979492188,0,-0.00020334617989614667,-0.0,0.8485947063969816,0.9848521989052176
1970-01-01 00:00:00.000000098,1970-01-01 00:00:00.000000098,1970-01-01 00:00:00.000000098,2025-06-30,3450.290771484375,3453.180865734764,3418.399002366091,3428.2654211111044,1468351,3420.6115234375,3427.939248046875,0,0.006073577595335777,0.0,0.8537487121932749,0.9848521989052176
1970-01-01 00:00:00.000000099,1970-01-01 00:00:00.000000099,1970-01-01 00:00:00.000000099,2025-07-01,3418.10009765625,3473.213111911396,3401.9549375924103,3443.3145772321013,2375183,3423.3273071289063,3430.6772265625,0,-0.009329843761045065,-0.0,0.8457833700973182,0.9848521989052176
1970-01-01 00:00:00.000000100,1970-01-01 00:00:00.000000100,1970-01-01 00:00:00.000000100,2025-07-02,3411.7216796875,3478.0962775498906,3408.4327923652227,3475.4054582188955,3090585,3425.44013671875,3433.4298876953126,0,-0.001866071146694459,-0.0,0.8442050781540256,0.9848521989052176
1970-01-01 00:00:00.000000101,1970-01-01 00:00:00.000000101,1970-01-01 00:00:00.000000101,2025-07-03,3389.2978515625,3423.6811655474544,3386.1087232761492,3418.3990425621496,2531870,3426.9201171875,3433.7860546875,0,-0.006572584234671219,-0.0,0.838656469166521,0.9848521989052176
1970-01-01 00:00:00.000000102,1970-01-01 00:00:00.000000102,1970-01-01 00:00:00.000000102,2025-07-04,3408.233642578125,3415.409242162467,3378.6341422209043,3396.473503732036,1109320,3428.6941040039064,3434.746162109375,0,0.005586936246070984,0.0,0.8433419893921094,0.9848521989052176
1970-01-01 00:00:00.000000103,1970-01-01 00:00:00.000000103,1970-01-01 00:00:00.000000103,2025-07-07,3400.160888671875,3414.5123309346973,3396.8720012794643,3406.738663456697,1639174,3428.185827636719,3434.6281005859373,0,-0.002368603432992167,-0.0,0.8413444466608487,0.9848521989052176
1970-01-01 00:00:00.000000104,1970-01-01 00:00:00.000000104,1970-01-01 00:00:00.000000104,2025-07-08,3394.679443359375,3413.415906340367,3381.922687075622,3393.483550682905,2325242,3425.360412597656,3434.4893212890624,0,-0.0016121135122642016,-0.0,0.8399881039099183,0.9848521989052176
1970-01-01 00:00:00.000000105,1970-01-01 00:00:00.000000105,1970-01-01 00:00:00.000000105,2025-07-09,3372.355224609375,3402.4530322953497,3355.611997580095,3398.4665612557537,2034938,3420.9703125,3433.3311083984377,0,-0.006576237645551597,-0.0,0.8344641425191703,0.9848521989052176
1970-01-01 00:00:00.000000106,1970-01-01 00:00:00.000000106,1970-01-01 00:00:00.000000106,2025-07-10,3370.561279296875,3387.5037812921582,3344.6492174217365,3368.5680437680185,3035012,3418.369140625,3432.5084423828125,0,-0.0005319562125035704,-0.0,0.8340202441344458,0.9848521989052176
1970-01-01 00:00:00.000000107,1970-01-01 00:00:00.000000107,1970-01-01 00:00:00.000000107,2025-07-11,3254.95361328125,3323.7202389139525,3250.070283569519,3288.738858113972,7635550,3409.414526367188,3429.822099609375,0,-0.03429923280900615,-0.0,0.8054139896134542,0.9848521989052176
1970-01-01 00:00:00.000000108,1970-01-01 00:00:00.000000108,1970-01-01 00:00:00.000000108,2025-07-14,3211.800048828125,3260.933353706794,3189.1768740408747,3254.9536470679677,3924009,3395.7807861328124,3425.812353515625,0,-0.01325781242382218,-0.0,0.7947359620156368,0.9848521989052176
1970-01-01 00:00:00.000000109,1970-01-01 00:00:00.000000109,1970-01-01 00:00:00.000000109,2025-07-15,3241.300048828125,3248.375889064686,3195.1565970327038,3195.1565970327038,2590889,3382.675256347656,3422.279995117188,0,0.009184880612590929,0.0,0.802035516945283,0.9848521989052176
1970-01-01 00:00:00.000000110,1970-01-01 00:00:00.000000110,1970-01-01 00:00:00.000000110,2025-07-16,3233.10009765625,3244.89990234375,3220.60009765625,3227.0,2540733,3372.3439331054688,3418.8780126953125,0,-0.0025298340321315838,-0.0,0.8000065001995366,0.9848521989052176
1970-01-01 00:00:00.000000111,1970-01-01 00:00:00.000000111,1970-01-01 00:00:00.000000111,2025-07-17,3209.199951171875,3242.0,3204.10009765625,3224.10009765625,2947640,3362.182958984375,3414.9229541015625,0,-0.007392331125689822,-0.0,0.7940925872473573,0.9848521989052176
1970-01-01 00:00:00.000000112,1970-01-01 00:00:00.000000112,1970-01-01 00:00:00.000000112,2025-07-18,3189.89990234375,3228.800048828125,3187.0,3225.0,3432645,3350.473974609375,3410.7518017578127,0,-0.006013975171935693,-0.0,0.7893169341434335,0.9848521989052176
1970-01-01 00:00:00.000000113,1970-01-01 00:00:00.000000113,1970-01-01 00:00:00.000000113,2025-07-21,3158.199951171875,3197.60009765625,3152.0,3190.0,3844346,3339.2778564453124,3402.388461914062,0,-0.009937600596364726,-0.0,0.781473017707969,0.9848521989052176
1970-01-01 00:00:00.000000114,1970-01-01 00:00:00.000000114,1970-01-01 00:00:00.000000114,2025-07-22,3159.60009765625,3180.10009765625,3154.60009765625,3159.60009765625,3198036,3328.3112182617188,3396.1354833984374,0,0.00044333687100950314,0.0,0.7818194735104179,0.9848521989052176
1970-01-01 00:00:00.000000115,1970-01-01 00:00:00.000000115,1970-01-01 00:00:00.000000115,2025-07-23,3179.10009765625,3182.0,3157.60009765625,3159.60009765625,1922875,3315.608776855469,3389.6067041015626,0,0.0061716671089055986,0.0,0.786644603040184,0.9848521989052176
1970-01-01 00:00:00.000000116,1970-01-01 00:00:00.000000116,1970-01-01 00:00:00.000000116,2025-07-24,3148.0,3173.699951171875,3140.0,3165.10009765625,2934778,3301.5008178710937,3381.83951171875,0,-0.009782673304051692,-0.0,0.7789491158822465,0.9848521989052176
1970-01-01 00:00:00.000000117,1970-01-01 00:00:00.000000117,1970-01-01 00:00:00.000000117,2025-07-25,3135.800048828125,3156.89990234375,3125.60009765625,3140.0,2568917,3286.817736816406,3374.1957958984376,0,-0.003875460982171175,-0.0,0.7759303289765481,0.9848521989052176
1970-01-01 00:00:00.000000118,1970-01-01 00:00:00.000000118,1970-01-01 00:00:00.000000118,2025-07-28,3079.300048828125,3118.0,3069.89990234375,3110.0,3374473,3268.268200683594,3366.2617431640624,0,-0.018017730442065227,-0.0,0.7619498254672257,0.9848521989052176
1970-01-01 00:00:00.000000119,1970-01-01 00:00:00.000000119,1970-01-01 00:00:00.000000119,2025-07-29,3056.0,3074.0,3041.199951171875,3060.0,4785312,3250.163195800781,3358.26669921875,0,-0.007566670496105821,-0.0,0.7561844022033498,0.9848521989052176
1970-01-01 00:00:00.000000120,1970-01-01 00:00:00.000000120,1970-01-01 00:00:00.000000120,2025-07-30,3053.60009765625,3069.0,3047.199951171875,3060.0,2880121,3232.257116699219,3349.680346679688,0,-0.0007853083585569465,-0.0,0.7555905642716891,0.9848521989052176
1970-01-01 00:00:00.000000121,1970-01-01 00:00:00.000000121,1970-01-01 00:00:00.000000121,2025-07-31,3036.800048828125,3059.800048828125,3015.0,3041.699951171875,2968371,3214.6322265625,3341.7221240234376,0,-0.005501718722441651,-0.0,0.7514335175177353,0.9848521989052176
1970-01-01 00:00:00.000000122,1970-01-01 00:00:00.000000122,1970-01-01 00:00:00.000000122,2025-08-01,3003.0,3036.800048828125,3000.0,3029.89990234375,2053847,3194.3705444335938,3332.345048828125,0,-0.011130152886150046,-0.0,0.7430699475839855,0.9848521989052176
1970-01-01 00:00:00.000000123,1970-01-01 00:00:00.000000123,1970-01-01 00:00:00.000000123,2025-08-04,3074.39990234375,3079.39990234375,2991.60009765625,3009.10009765625,2519252,3178.082495117188,3323.947490234375,0,0.023776191256660084,0.0,0.7607373207748187,0.9848521989052176
1970-01-01 00:00:00.000000124,1970-01-01 00:00:00.000000124,1970-01-01 00:00:00.000000124,2025-08-05,3063.89990234375,3077.5,3042.0,3074.39990234375,1927543,3161.5435180664062,3316.1025439453124,0,-0.0034153006549327847,-0.0,0.7581391741049447,0.9848521989052176
